{"accuracy": 0.9700272479564033, "precision": 0.948905109489051, "recall": 0.8333333333333334, "auc": 0.9720594220594221}